预算分类,月度预算,实际支出,差额,完成率,状态,说明
餐饮,1500.00,"=SUMIFS(流水账!F:F,流水账!C:C,A2,流水账!E:E,""支出"")",=B2-C2,"=IF(B2>0,C2/B2,0)","=IF(D2>=0,""在预算内"",IF(D2>=-B2*0.1,""接近超支"",""已超支""))",日常饮食
交通,800.00,"=SUMIFS(流水账!F:F,流水账!C:C,A3,流水账!E:E,""支出"")",=B3-C3,"=IF(B3>0,C3/B3,0)","=IF(D3>=0,""在预算内"",IF(D3>=-B3*0.1,""接近超支"",""已超支""))",出行交通
购物,2000.00,"=SUMIFS(流水账!F:F,流水账!C:C,A4,流水账!E:E,""支出"")",=B4-C4,"=IF(B4>0,C4/B4,0)","=IF(D4>=0,""在预算内"",IF(D4>=-B4*0.1,""接近超支"",""已超支""))",日常购物
娱乐,500.00,"=SUMIFS(流水账!F:F,流水账!C:C,A5,流水账!E:E,""支出"")",=B5-C5,"=IF(B5>0,C5/B5,0)","=IF(D5>=0,""在预算内"",IF(D5>=-B5*0.1,""接近超支"",""已超支""))",休闲娱乐
住房,3000.00,"=SUMIFS(流水账!F:F,流水账!C:C,A6,流水账!E:E,""支出"")",=B6-C6,"=IF(B6>0,C6/B6,0)","=IF(D6>=0,""在预算内"",IF(D6>=-B6*0.1,""接近超支"",""已超支""))",房租水电
医疗,300.00,"=SUMIFS(流水账!F:F,流水账!C:C,A7,流水账!E:E,""支出"")",=B7-C7,"=IF(B7>0,C7/B7,0)","=IF(D7>=0,""在预算内"",IF(D7>=-B7*0.1,""接近超支"",""已超支""))",医疗健康
教育,1000.00,"=SUMIFS(流水账!F:F,流水账!C:C,A8,流水账!E:E,""支出"")",=B8-C8,"=IF(B8>0,C8/B8,0)","=IF(D8>=0,""在预算内"",IF(D8>=-B8*0.1,""接近超支"",""已超支""))",学习培训
其他,500.00,"=SUMIFS(流水账!F:F,流水账!C:C,A9,流水账!E:E,""支出"")",=B9-C9,"=IF(B9>0,C9/B9,0)","=IF(D9>=0,""在预算内"",IF(D9>=-B9*0.1,""接近超支"",""已超支""))",其他支出
总计,=SUM(B2:B9),=SUM(C2:C9),=SUM(D2:D9),=C10/B10,,月度总计
